law,method,mean_progress,active_fraction_creso,certificate_failures_creso
orthogonal_2x2,creso,0.375,1.0,0
orthogonal_2x2,muon_polar,0.25,1.0,0
orthogonal_2x2,muon_ns5_feasible,0.22335858099873654,1.0,0
orthogonal_2x2,hard_spectral,0.3228815010159562,1.0,0
orthogonal_2x2,soft_spectral,0.310206046321008,1.0,0
orthogonal_2x2,sgd_radial,0.30946861880099064,1.0,0
orthogonal_2x2,adamw_step1,0.3048326982561264,1.0,0
orthogonal_2x2,spectral_power,0.30946861880099064,1.0,0
orthogonal_2x2,deflate_fullmean,0.375,1.0,0
orthogonal_2x2,tonga_project,0.37499999771824655,1.0,0
orthogonal_2x2,rank_one_proximal,0.3744406454675324,1.0,0
orthogonal_2x2,uncertified,0.333177275167866,1.0,0
orthogonal_2x2,reuse_validation,0.375,1.0,0
orthogonal_2x2,zero,0.0,1.0,0
orthogonal_2x2,matched_fullmean,0.2954961825103516,1.0,0
rotated_4x4,creso,0.375,1.0,0
rotated_4x4,muon_polar,0.25,1.0,0
rotated_4x4,muon_ns5_feasible,0.22399139712132898,1.0,0
rotated_4x4,hard_spectral,0.32186002119547796,1.0,0
rotated_4x4,soft_spectral,0.3087427892370714,1.0,0
rotated_4x4,sgd_radial,0.3078329136025738,1.0,0
rotated_4x4,adamw_step1,0.3172041802843151,1.0,0
rotated_4x4,spectral_power,0.3078329136025738,1.0,0
rotated_4x4,deflate_fullmean,0.375,1.0,0
rotated_4x4,tonga_project,0.37499999847448623,1.0,0
rotated_4x4,rank_one_proximal,0.374478030283696,1.0,0
rotated_4x4,uncertified,0.331854862346131,1.0,0
rotated_4x4,reuse_validation,0.375,1.0,0
rotated_4x4,zero,0.0,1.0,0
rotated_4x4,matched_fullmean,0.2937264154040347,1.0,0
rectangular_3x5,creso,0.3750000000000001,1.0,0
rectangular_3x5,muon_polar,0.2500000000000001,1.0,0
rectangular_3x5,muon_ns5_feasible,0.22294443646106546,1.0,0
rectangular_3x5,hard_spectral,0.32232205682975934,1.0,0
rectangular_3x5,soft_spectral,0.30903180980917966,1.0,0
rectangular_3x5,sgd_radial,0.3079638564581317,1.0,0
rectangular_3x5,adamw_step1,0.2962584826615565,1.0,0
rectangular_3x5,spectral_power,0.3079638564581317,1.0,0
rectangular_3x5,deflate_fullmean,0.3750000000000001,1.0,0
rectangular_3x5,tonga_project,0.3749999981058701,1.0,0
rectangular_3x5,rank_one_proximal,0.3743400573683213,1.0,0
rectangular_3x5,uncertified,0.33186300235963473,1.0,0
rectangular_3x5,reuse_validation,0.3750000000000001,1.0,0
rectangular_3x5,zero,0.0,1.0,0
rectangular_3x5,matched_fullmean,0.29416345635679264,1.0,0
orthogonal_rank2,creso,0.46875,1.0,0
orthogonal_rank2,muon_polar,0.25,1.0,0
orthogonal_rank2,muon_ns5_feasible,0.2955031014830193,1.0,0
orthogonal_rank2,hard_spectral,0.39614964931294566,1.0,0
orthogonal_rank2,soft_spectral,0.38893505864245276,1.0,0
orthogonal_rank2,sgd_radial,0.3874472810910297,1.0,0
orthogonal_rank2,adamw_step1,0.3838843502760968,1.0,0
orthogonal_rank2,spectral_power,0.3874472810910297,1.0,0
orthogonal_rank2,deflate_fullmean,0.46875,1.0,0
orthogonal_rank2,tonga_project,0.49999914822138913,1.0,0
orthogonal_rank2,rank_one_proximal,0.41730711520380553,1.0,0
orthogonal_rank2,uncertified,0.4200917981832153,1.0,0
orthogonal_rank2,reuse_validation,0.46875,1.0,0
orthogonal_rank2,zero,0.0,1.0,0
orthogonal_rank2,matched_fullmean,0.3645761003222153,1.0,0
mixed_signal,creso,0.5088073730468751,1.0,0
mixed_signal,muon_polar,0.44462890625000007,1.0,0
mixed_signal,muon_ns5_feasible,0.413320771268581,1.0,0
mixed_signal,hard_spectral,0.4661152833908865,1.0,0
mixed_signal,soft_spectral,0.46639741593039574,1.0,0
mixed_signal,sgd_radial,0.4588576520852763,1.0,0
mixed_signal,adamw_step1,0.46458504442895976,1.0,0
mixed_signal,spectral_power,0.4620753606554269,1.0,0
mixed_signal,deflate_fullmean,0.375,1.0,0
mixed_signal,tonga_project,0.5088073709936928,1.0,0
mixed_signal,rank_one_proximal,0.5085157192078442,1.0,0
mixed_signal,uncertified,0.4878042521873148,1.0,0
mixed_signal,reuse_validation,0.5088073730468751,1.0,0
mixed_signal,zero,0.0,1.0,0
mixed_signal,matched_fullmean,0.45177123211559,1.0,0
signal_noise_overlap,creso,0.375,1.0,0
signal_noise_overlap,muon_polar,0.6500000000000001,1.0,0
signal_noise_overlap,muon_ns5_feasible,0.6114729111331965,1.0,0
signal_noise_overlap,hard_spectral,0.6500000000000001,1.0,0
signal_noise_overlap,soft_spectral,0.6415541149559578,1.0,0
signal_noise_overlap,sgd_radial,0.6145199006323367,1.0,0
signal_noise_overlap,adamw_step1,0.649999999614029,1.0,0
signal_noise_overlap,spectral_power,0.6500000000000001,1.0,0
signal_noise_overlap,deflate_fullmean,0.375,1.0,0
signal_noise_overlap,tonga_project,0.6500000000000001,1.0,0
signal_noise_overlap,rank_one_proximal,0.6500000000000001,1.0,0
signal_noise_overlap,uncertified,0.6314025878906251,1.0,0
signal_noise_overlap,reuse_validation,0.3751216926236688,1.0,0
signal_noise_overlap,zero,0.0,1.0,0
signal_noise_overlap,matched_fullmean,0.5148886528269478,1.0,0
isotropic_low,creso,0.37418051565141264,0.964111328125,0
isotropic_low,muon_polar,0.12499710898875736,0.964111328125,0
isotropic_low,muon_ns5_feasible,0.08426909448331281,0.964111328125,0
isotropic_low,hard_spectral,0.3749899191972429,0.964111328125,0
isotropic_low,soft_spectral,0.37498883511583203,0.964111328125,0
isotropic_low,sgd_radial,0.3749899191972429,0.964111328125,0
isotropic_low,adamw_step1,0.3749599331924247,0.964111328125,0
isotropic_low,spectral_power,0.3749899191972429,0.964111328125,0
isotropic_low,deflate_fullmean,0.3622567982677538,0.964111328125,0
isotropic_low,tonga_project,0.37497690995958277,0.964111328125,0
isotropic_low,rank_one_proximal,0.37497688564555176,0.964111328125,0
isotropic_low,uncertified,0.37418931608090344,0.964111328125,0
isotropic_low,reuse_validation,0.3741764613024775,0.964111328125,0
isotropic_low,zero,0.0,0.964111328125,0
isotropic_low,matched_fullmean,0.3749899191972429,0.964111328125,0
isotropic_high,creso,0.0,0.0,0
isotropic_high,muon_polar,0.1030940629025626,0.0,0
isotropic_high,muon_ns5_feasible,0.0887225866511688,0.0,0
isotropic_high,hard_spectral,0.2851536018914044,0.0,0
isotropic_high,soft_spectral,0.2780486787195414,0.0,0
isotropic_high,sgd_radial,0.2851536018914044,0.0,0
isotropic_high,adamw_step1,0.20769076265613465,0.0,0
isotropic_high,spectral_power,0.2851536018914044,0.0,0
isotropic_high,deflate_fullmean,0.2710882308801986,0.0,0
isotropic_high,tonga_project,0.18645701190790714,0.0,0
isotropic_high,rank_one_proximal,0.18784209175643218,0.0,0
isotropic_high,uncertified,0.034267130801848664,0.0,0
isotropic_high,reuse_validation,0.0,0.0,0
isotropic_high,zero,0.0,0.0,0
isotropic_high,matched_fullmean,0.0,0.0,0
zero_noise,creso,0.375,1.0,0
zero_noise,muon_polar,0.375,1.0,0
zero_noise,muon_ns5_feasible,0.375,1.0,0
zero_noise,hard_spectral,0.375,1.0,0
zero_noise,soft_spectral,0.375,1.0,0
zero_noise,sgd_radial,0.375,1.0,0
zero_noise,adamw_step1,0.375,1.0,0
zero_noise,spectral_power,0.375,1.0,0
zero_noise,deflate_fullmean,0.375,1.0,0
zero_noise,tonga_project,0.375,1.0,0
zero_noise,rank_one_proximal,0.375,1.0,0
zero_noise,uncertified,0.375,1.0,0
zero_noise,reuse_validation,0.375,1.0,0
zero_noise,zero,0.0,1.0,0
zero_noise,matched_fullmean,0.375,1.0,0
zero_signal,creso,0.0,0.0,0
zero_signal,muon_polar,-0.03125,0.0,0
zero_signal,muon_ns5_feasible,-0.022589671720376236,0.0,0
zero_signal,hard_spectral,-0.0003083354972057377,0.0,0
zero_signal,soft_spectral,-0.00021389534117041893,0.0,0
zero_signal,sgd_radial,-2.989923906587989e-06,0.0,0
zero_signal,adamw_step1,-7.559625507257113e-06,0.0,0
zero_signal,spectral_power,-0.0007654205200865252,0.0,0
zero_signal,deflate_fullmean,-0.0001445200565912892,0.0,0
zero_signal,tonga_project,-0.0005780837960682438,0.0,0
zero_signal,rank_one_proximal,-0.0007171089490613609,0.0,0
zero_signal,uncertified,-8.93485377626449e-06,0.0,0
zero_signal,reuse_validation,0.0,0.0,0
zero_signal,zero,0.0,0.0,0
zero_signal,matched_fullmean,0.0,0.0,0
dependent_replicas,creso,0.374799804006511,1.0,9
dependent_replicas,muon_polar,0.25,1.0,9
dependent_replicas,muon_ns5_feasible,0.24258960800898444,1.0,9
dependent_replicas,hard_spectral,0.28713432045856774,1.0,9
dependent_replicas,soft_spectral,0.26520024596851177,1.0,9
dependent_replicas,sgd_radial,0.20685223471440425,1.0,9
dependent_replicas,adamw_step1,0.25913076642013666,1.0,9
dependent_replicas,spectral_power,0.25,1.0,9
dependent_replicas,deflate_fullmean,0.375,1.0,9
dependent_replicas,tonga_project,0.3730958372165419,1.0,9
dependent_replicas,rank_one_proximal,0.34983751305697186,1.0,9
dependent_replicas,uncertified,0.27093319316054437,1.0,9
dependent_replicas,reuse_validation,0.33185840651440957,1.0,9
dependent_replicas,zero,0.0,1.0,9
dependent_replicas,matched_fullmean,0.19965650107274097,1.0,9
heavy_tail_t3,creso,0.375,1.0,0
heavy_tail_t3,muon_polar,0.25,1.0,0
heavy_tail_t3,muon_ns5_feasible,0.22515430882677817,1.0,0
heavy_tail_t3,hard_spectral,0.32460899811405547,1.0,0
heavy_tail_t3,soft_spectral,0.3122072083927455,1.0,0
heavy_tail_t3,sgd_radial,0.3115162738761357,1.0,0
heavy_tail_t3,adamw_step1,0.306582901302542,1.0,0
heavy_tail_t3,spectral_power,0.3115162738761357,1.0,0
heavy_tail_t3,deflate_fullmean,0.375,1.0,0
heavy_tail_t3,tonga_project,0.37499999220266533,1.0,0
heavy_tail_t3,rank_one_proximal,0.37411276094238705,1.0,0
heavy_tail_t3,uncertified,0.3350573189179117,1.0,0
heavy_tail_t3,reuse_validation,0.374664306640625,1.0,0
heavy_tail_t3,zero,0.0,1.0,0
heavy_tail_t3,matched_fullmean,0.2976595717895292,1.0,0
