regime,gamma,matched_difference,mcse,lower,upper,confidence,mean_svds,p95_svds,inactive_fraction
rotating_rank_one_gaussian,1000.0,0.11505306579008975,0.005162939385324015,0.10269055342531012,0.12741557815486937,0.9833333333333333,3.2728271484375,3.0,0.990966796875
tall_rank_one_gaussian,1000.0,0.11552040048591725,0.005139539090144068,0.1054456002464336,0.1255952007254009,0.95,3.29345703125,3.0,0.9906005859375
rank_deficient_signal,1000.0,0.1289578117653307,0.005218046047114235,0.11872911797722108,0.1391865055534403,0.95,55.417724609375,64.0,0.0
near_zero_singular_values,1000.0,0.12672796850272394,0.005203681365408005,0.11652743313430056,0.13692850387114733,0.95,55.1373291015625,63.0,0.0030517578125
student_t5,1000.0,0.1134758326662109,0.0049011741942355,0.10386828808297655,0.12308337724944526,0.95,3.2349853515625,3.0,0.9923095703125
rare_centered_outliers,1000.0,0.02138424520304884,0.001949156284423201,0.017563404490161597,0.025205085915936086,0.95,3.00732421875,3.0,0.9981689453125
multirank_anisotropic,100.0,0.04639576085613722,0.0033999177418229456,0.03973105970711213,0.053060462005162304,0.95,32.35400390625,56.0,0.380615234375
correlated_halves,1000.0,0.13952407874854256,0.006963365774149805,0.1258741156023239,0.15317404189476122,0.95,3.73486328125,3.0,0.9765625
unequal_biased_halves,1.0,0.05625111224972472,0.0019460682472406533,0.05243632487298311,0.06006589962646633,0.95,6.435791015625,33.0,0.885009765625
noise_aligned_with_signal,0.1,0.006328890192654129,0.0007062865267796873,0.004944389453513997,0.007713390931794261,0.95,13.470947265625,35.0,0.638427734375
nearly_deterministic,0.0,0.0,0.0,0.0,0.0,0.95,3.0,3.0,1.0
rotating_signal_momentum,1000.0,0.05608460988733975,0.004164645841074645,0.04792084769366661,0.06424837208101289,0.95,3.00390625,3.0,0.9998779296875
